U001,DrSarah Chen,sarah.chen@university.edu,sarah123,Academic Officer,false
U002,ProfJames Wong,james.wong@university.edu,james123,Academic Officer,true
U003,DrMei Ling,mei.ling@university.edu,mei123,Academic Officer,true
U004,MrRaj Kumar,raj.kumar@university.edu,raj123,Academic Officer,true
U005,DrLisa Zhang,lisa.zhang@university.edu,lisa123,Academic Officer,true
U006,MsAmanda Lim,amanda.lim@university.edu,amanda123,Academic Officer,true
U007,ProfDavid Lee,david.lee@university.edu,david123,Academic Officer,true
U008,DrPriya Sharma,priya.sharma@university.edu,priya123,Academic Officer,true
U009,MrBenjamin Oh,benjamin.oh@university.edu,benjamin123,Academic Officer,true
U010,MsSophia Ng,sophia.ng@university.edu,sophia123,Academic Officer,true
U011,DrMichael Tan,michael.tan@university.edu,michael123,Course Admin,true
U012,ProfEmily Goh,emily.goh@university.edu,emily123,Course Admin,true
U013,MrKevin Raj,kevin.raj@university.edu,kevin123,Course Admin,true
U014,DrNancy Teo,nancy.teo@university.edu,nancy123,Course Admin,true
U015,MsJessica Woo,jessica.woo@university.edu,jessica123,Course Admin,true
U016,ProfDaniel Lim,daniel.lim@university.edu,daniel123,Course Admin,true
U017,DrMichelle Chan,michelle.chan@university.edu,michelle123,Course Admin,true
U018,MrAaron Koh,aaron.koh@university.edu,aaron123,Course Admin,true
U019,DrRebecca Wong,rebecca.wong@university.edu,rebecca123,Course Admin,true
U020,MsFiona Tay,fiona.tay@university.edu,fiona123,Course Admin,true
U021,MrJohn Doe,thamkingjoe9@gmail.com,Happy123,Course Admin,true
U022,Ben,tp072535@mail.apu.edu.my,Happy123256,Course Admin,true
U023,ava,ayak34261@gmail.com,admin123,Academic Officer,true
